<?xml version="1.0" ?>
<epcis:EPCISDocument xmlns:epcis="urn:epcglobal:epcis:xsd:1" schemaVersion="1.2" creationDate="2021-08-03T18:02:26.446Z">
    <EPCISBody>
        <EventList>
            <extension>
                <TransformationEvent>
                    <eventTime>2021-07-29T00:00:00.000-04:00</eventTime>
                    <recordTime>2021-07-29T00:00:00.000-04:00</recordTime>
                    <eventTimeZoneOffset>-04:00</eventTimeZoneOffset>
                    <inputQuantityList>
                        <quantityElement>
                            <epcClass>ingredient:milk</epcClass>
                            <quantity>3.0</quantity>
                            <uom>KGM</uom>
                        </quantityElement>
                    </inputQuantityList>
                    <outputEPCList>
                        <epc>urn:epc:id:sgtin:031860.2000002.111</epc>
                    </outputEPCList>
                    <bizStep>urn:epcglobal:cbv:bizstep:commissioning</bizStep>
                    <disposition>urn:epcglobal:cbv:disp:active</disposition>
                    <readPoint>
                        <id>urn:epc:id:sgln:203186.000000.001</id>
                    </readPoint>
                    <bizLocation>
                        <id>urn:epc:id:sgln:203186.000000.002</id>
                    </bizLocation>
                </TransformationEvent>
            </extension>
            <ObjectEvent>
                <eventTime>2021-08-03T00:00:00.000-04:00</eventTime>
                <recordTime>2021-08-03T00:00:00.000-04:00</recordTime>
                <eventTimeZoneOffset>-04:00</eventTimeZoneOffset>
                <epcList>
                    <epc>urn:epc:id:sgtin:031860.2000002.001</epc>
                </epcList>
                <action>OBSERVE</action>
                <bizStep>urn:epcglobal:cbv:bizstep:shipping</bizStep>
                <disposition>urn:epcglobal:cbv:disp:in_transit</disposition>
                <readPoint>
                    <id>urn:epc:id:sgln:203186.000000.003</id>
                </readPoint>
                <bizLocation>
                    <id>urn:epc:id:sgln:203186.000000.004</id>
                </bizLocation>
                <extension>
                    <sourceList>
                        <source type="urn:epcglobal:cbv:sdt:location">203186.0000001.003</source>
                        <source type="urn:epcglobal:cbv:sdt:owning_party">203186.0000000</source>
                    </sourceList>
                    <destinationList>
                        <destination type="urn:epcglobal:cbv:sdt:location">938101.0000000.001</destination>
                        <destination type="urn:epcglobal:cbv:sdt:owning_party">938101.0000000</destination>
                    </destinationList>
                </extension>
            </ObjectEvent>
        </EventList>
    </EPCISBody>
</epcis:EPCISDocument>