{
    "@context": "https://id.gs1.org/epcis-context.jsonld",
    "isA": "EPCISDocument",
    "creationDate": "2005-07-11T11:30:47+00:00",
    "schemaVersion": 1.2,
    "format": "application/ld+json",
    "epcisBody": {
      "eventList": [
        {
          "isA": "ObjectEvent",
          "eventTime": "2005-04-03T20:33:31.116-06:00",
          "eventTimeZoneOffset": "-06:00",
          "epcList": [
            "urn:epc:id:sgtin:0614141.107346.2017",
            "urn:epc:id:sgtin:0614141.107346.2018"
          ],
          "action": "OBSERVE",
          "bizStep": "urn:epcglobal:cbv:bizstep:shipping",
          "disposition": "urn:epcglobal:cbv:disp:in_transit",
          "readPoint": {
            "id": "urn:epc:id:sgln:0614141.07346.1234"
          },
          "bizTransactionList": [
            {
              "type": "urn:epcglobal:cbv:btt:po",
              "bizTransaction": "http://transaction.acme.com/po/12345678"
            }
          ]
        },
        {
          "isA": "ObjectEvent",
          "eventTime": "2005-04-04T20:33:31.116-06:00",
          "eventTimeZoneOffset": "-06:00",
          "epcList": [
            "urn:epc:id:sgtin:0614141.107346.2018"
          ],
          "action": "OBSERVE",
          "bizStep": "urn:epcglobal:cbv:bizstep:receiving",
          "disposition": "urn:epcglobal:cbv:disp:in_progress",
          "readPoint": {
            "id": "urn:epc:id:sgln:0012345.11111.400"
          },
          "bizLocation": {
            "id": "urn:epc:id:sgln:0012345.11111.0"
          },
          "bizTransactionList": [
            {
              "type": "urn:epcglobal:cbv:btt:po",
              "bizTransaction": "http://transaction.acme.com/po/12345678"
            },
            {
              "type": "urn:epcglobal:cbv:btt:desadv",
              "bizTransaction": "urn:epcglobal:cbv:bt:0614141073467:1152"
            }
          ],
          "example:myField": {
            "@xmlns:example": "http://ns.example.com/epcis",
            "#text": "Example of a vendor/user extension"
          }
        }
      ]
    }
  }