{
    "@context": "https://id.gs1.org/epcis-context.jsonld",
    "isA": "EPCISDocument",
    "creationDate": "2005-07-11T11:30:47+00:00",
    "schemaVersion": 1.2,
    "format": "application/ld+json",
    "epcisBody": {
      "eventList": [
        {
          "isA": "AggregationEvent",
          "eventTime": "2013-06-08T14:58:56.591+00:00",
          "eventTimeZoneOffset": "+02:00",
          "parentID": "urn:epc:id:sscc:0614141.1234567890",
          "childEPCs": [
            "urn:epc:id:sgtin:0614141.107346.2017",
            "urn:epc:id:sgtin:0614141.107346.2018"
          ],
          "childQuantityList": [
            {
              "epcClass": "urn:epc:idpat:sgtin:4012345.098765.*",
              "quantity": 10
            },
            {
              "epcClass": "urn:epc:class:lgtin:4012345.012345.998877",
              "quantity": 200.5,
              "uom": "KGM"
            }
          ],
          "action": "OBSERVE",
          "bizStep": "urn:epcglobal:cbv:bizstep:receiving",
          "disposition": "urn:epcglobal:cbv:disp:in_progress",
          "readPoint": {
            "id": "urn:epc:id:sgln:0614141.00777.0"
          },
          "bizLocation": {
            "id": "urn:epc:id:sgln:0614141.00888.0"
          },
          "example:myField": {
            "@xmlns:example": "http://ns.example.com/epcis",
            "#text": "Example of a vendor/user extension"
          }
        }
      ]
    }
  }