{
    "@context": "https://id.gs1.org/epcis-context.jsonld",
    "isA": "EPCISDocument",
    "creationDate": "2013-06-04T14:59:02.099+02:00",
    "schemaVersion": 1.2,
    "format": "application/ld+json",
    "epcisBody": {
      "eventList": [
        {
          "isA": "TransformationEvent",
          "eventTime": "2013-10-31T14:58:56.591+00:00",
          "eventTimeZoneOffset": "+02:00",
          "inputEPCList": [
            "urn:epc:id:sgtin:4012345.011122.25",
            "urn:epc:id:sgtin:4000001.065432.99886655"
          ],
          "outputEPCList": [
            "urn:epc:id:sgtin:4012345.077889.25",
            "urn:epc:id:sgtin:4012345.077889.26",
            "urn:epc:id:sgtin:4012345.077889.27",
            "urn:epc:id:sgtin:4012345.077889.28"
          ],
          "inputQuantityList": [
            {
              "epcClass": "urn:epc:class:lgtin:4012345.011111.4444",
              "quantity": 10,
              "uom": "KGM"
            },
            {
              "epcClass": "urn:epc:class:lgtin:0614141.077777.987",
              "quantity": 30
            },
            {
              "epcClass": "urn:epc:idpat:sgtin:4012345.066666.*",
              "quantity": 220
            }
          ],
          "bizStep": "urn:epcglobal:cbv:bizstep:commissioning",
          "disposition": "urn:epcglobal:cbv:disp:in_progress",
          "readPoint": {
            "id": "urn:epc:id:sgln:4012345.00001.0"
          },
          "ilmd": {
            "example:bestBeforeDate": {
              "@xmlns:example": "http://ns.example.com/epcis",
              "#text": "2014-12-10"
            },
            "example:batch": {
              "@xmlns:example": "http://ns.example.com/epcis",
              "#text": "XYZ"
            }
          },
          "example:myField": {
            "@xmlns:example": "http://ns.example.com/epcis",
            "#text": "Example of a vendor/user extension"
          }
        }
      ]
    }
  }