<?xml version="1.0" encoding="UTF-8" standalone="yes"?>
<epcis:EPCISDocument
  xmlns:epcis="urn:epcglobal:epcis:xsd:1"
  xmlns:example="http://ns.example.com/epcis"
  xmlns:xsi="http://www.w3.org/2001/XMLSchema-instance" creationDate="2005-07-11T11:30:47.0Z" schemaVersion="1.2">
  <EPCISBody>
    <EventList>
      <ObjectEvent>
        <eventTime>2005-04-03T20:33:31.116-06:00</eventTime>
        <eventTimeZoneOffset>-06:00</eventTimeZoneOffset>
        <epcList>
          <epc>urn:epc:id:sgtin:0614141.107346.2017</epc>
          <epc>urn:epc:id:sgtin:0614141.107346.2018</epc>
        </epcList>
        <action>OBSERVE</action>
        <bizStep>urn:epcglobal:cbv:bizstep:shipping</bizStep>
        <disposition>urn:epcglobal:cbv:disp:in_transit</disposition>
        <readPoint>
          <id>urn:epc:id:sgln:0614141.07346.1234</id>
        </readPoint>
        <bizTransactionList>
          <bizTransaction type="urn:epcglobal:cbv:btt:po">http://transaction.acme.com/po/12345678</bizTransaction>
        </bizTransactionList>
      </ObjectEvent>
      <ObjectEvent>
        <eventTime>2005-04-04T20:33:31.116-06:00</eventTime>
        <eventTimeZoneOffset>-06:00</eventTimeZoneOffset>
        <epcList>
          <epc>urn:epc:id:sgtin:0614141.107346.2018</epc>
        </epcList>
        <action>OBSERVE</action>
        <bizStep>urn:epcglobal:cbv:bizstep:receiving</bizStep>
        <disposition>urn:epcglobal:cbv:disp:in_progress</disposition>
        <readPoint>
          <id>urn:epc:id:sgln:0012345.11111.400</id>
        </readPoint>
        <bizLocation>
          <id>urn:epc:id:sgln:0012345.11111.0</id>
        </bizLocation>
        <bizTransactionList>
          <bizTransaction type="urn:epcglobal:cbv:btt:po">http://transaction.acme.com/po/12345678</bizTransaction>
          <bizTransaction type="urn:epcglobal:cbv:btt:desadv">urn:epcglobal:cbv:bt:0614141073467:1152</bizTransaction>
        </bizTransactionList>
        <example:myField>Example of a vendor/user extension</example:myField>
      </ObjectEvent>
    </EventList>
  </EPCISBody>
</epcis:EPCISDocument>