{
    "EPCISDocument": {
      "EPCISHeader": {
        "StandardBusinessDocumentHeader": {
          "HeaderVersion": 1,
          "Sender": {
            "Identifier": "urn:ot:object:actor:id:Company_Red",
            "ContactInformation": {
              "Contact": "Carter Novitzki",
              "EmailAddress": "c.novitzki@red.com"
            }
          },
          "Receiver": {
            "Identifier": "urn:ot:object:actor:id:Company_Pink",
            "ContactInformation": {
              "Contact": "Betty Johnson",
              "EmailAddress": "betty@pink.com"
            }
          },
          "DocumentIdentification": {
            "Standard": "GS1",
            "TypeVersion": "V1.3",
            "InstanceIdentifier": 200002,
            "Type": "Shipment",
            "CreationDateAndTime": "2018-03-03T00:31:52Z"
          },
          "BusinessScope": {
            "Scope": {
              "Type": "BusinessProcess",
              "InstanceIdentifier": "Shipment/version2-251",
              "Identifier": "EDI-Shipment"
            }
          }
        },
        "extension": {
          "EPCISMasterData": {
            "VocabularyList": {
              "Vocabulary": [
                {
                  "VocabularyElementList": {
                    "VocabularyElement": [
                      {
                        "attribute": [
                          "Red",
                          "Company Retail",
                          8.233782651345587e+47
                        ]
                      },
                      {
                        "attribute": [
                          "Pink",
                          "Company",
                          1.4607362238109792e+48
                        ]
                      }
                    ]
                  }
                },
                {
                  "VocabularyElementList": {
                    "VocabularyElement": [
                      {
                        "attribute": [
                          "Building",
                          "Retail Store Red"
                        ],
                        "children": {
                          "id": "urn:epc:id:sgln:Building_Red_V7"
                        },
                        "extension": {
                          "attribute": "urn:ot:object:actor:id:Company_Red"
                        }
                      },
                      {
                        "attribute": [
                          "Building",
                          "Pink distributor warehouse"
                        ],
                        "extension": {
                          "attribute": "urn:ot:object:actor:id:Company_Pink"
                        }
                      }
                    ]
                  }
                },
                {
                  "VocabularyElementList": {
                    "VocabularyElement": {
                      "attribute": [
                        "Beverage",
                        "Wine Pallet"
                      ]
                    }
                  }
                },
                {
                  "VocabularyElementList": {
                    "VocabularyElement": {
                      "attribute": [
                        "urn:ot:object:product:id:Product_1",
                        "2017-31-12T00:01:54Z",
                        "2020-31-12T00:01:54Z"
                      ]
                    }
                  }
                }
              ]
            }
          }
        }
      },
      "EPCISBody": {
        "EventList": {
          "ObjectEvent": {
            "eventTime": "2018-04-03T08:00:00.000-04:00",
            "eventTimeZoneOffset": "-02:00",
            "epcList": {
              "epc": "urn:epc:id:sgtin:Batch_1_PINKSHIP2"
            },
            "action": "OBSERVE",
            "bizStep": "urn:epcglobal:cbv:bizstep:receipt",
            "disposition": "urn:epcglobal:cbv:disp:active",
            "readPoint": {
              "id": "urn:epc:id:sgln:Building_Red_V7"
            },
            "bizLocation": {
              "id": "urn:epc:id:sgln:Building_Red"
            },
            "extension": {
              "quantityList": {
                "quantityElement": {
                  "epcClass": "urn:epc:id:sgtin:Batch_1_PINKSHIP2",
                  "quantity": 6,
                  "uom": "KG"
                }
              },
              "extension": {
                "documentId": "RedRCPT2",
                "OTEventClass": [
                  "urn:ot:event:Transport",
                  "urn:ot:event:Ownership"
                ],
                "OTEventType": "Sales",
                "sourceList": {
                  "source": "urn:epc:id:sgln:Building_Pink"
                },
                "destinationList": {
                  "destination": "urn:epc:id:sgln:Building_Red"
                }
              }
            }
          }
        }
      }
    }
  }