<?xml version="1.0" encoding="UTF-8"?>
<epcis:EPCISDocument xmlns:epcis="urn:epcglobal:epcis:xsd:1" xmlns:xsi="http://www.w3.org/2001/XMLSchema-instance" xmlns:sbdh="http://www.unece.org/cefact/namespaces/StandardBusinessDocumentHeader" schemaVersion="0" creationDate="2001-12-17T09:30:47Z" xsi:schemaLocation="urn:epcglobal:epcis:xsd:1  http://www.gs1si.org/BMS/epcis/1_2/EPCglobal-epcis-1_2.xsd">
	<EPCISHeader>
		<sbdh:StandardBusinessDocumentHeader>
			<sbdh:HeaderVersion>1.0</sbdh:HeaderVersion>
			<sbdh:Sender>
				<sbdh:Identifier Authority="OriginTrail">urn:ot:object:actor:id:Company_Pink</sbdh:Identifier>
				<sbdh:ContactInformation>
					<sbdh:Contact>Betty Johnson</sbdh:Contact>
					<sbdh:EmailAddress>betty@pink.com</sbdh:EmailAddress>
				</sbdh:ContactInformation>
			</sbdh:Sender>
			<sbdh:Receiver>
				<sbdh:Identifier Authority="OriginTrail">urn:ot:object:actor:id:Company_Orange</sbdh:Identifier>
				<sbdh:ContactInformation>
					<sbdh:Contact>Carter Novitzki</sbdh:Contact>
					<sbdh:EmailAddress>c.novitzki@orange.com</sbdh:EmailAddress>
				</sbdh:ContactInformation>
			</sbdh:Receiver>
			<sbdh:DocumentIdentification>
				<sbdh:Standard>GS1</sbdh:Standard>
				<sbdh:TypeVersion>V1.3</sbdh:TypeVersion> <!-- Document version-->
				<sbdh:InstanceIdentifier>200002</sbdh:InstanceIdentifier> <!-- UNIQUE IDENTIFIER OF DOCUMENT - PRIMARY KEY IN ERP -->
				<sbdh:Type>Shipment</sbdh:Type> <!-- DEFINED IN SCHEMA Example; order, invoice, debitCreditAdvice -->
				<sbdh:CreationDateAndTime>2018-02-02T00:31:52Z</sbdh:CreationDateAndTime>
			</sbdh:DocumentIdentification>
			<sbdh:BusinessScope>
				<sbdh:Scope>
					<sbdh:Type>BusinessProcess</sbdh:Type>
					<sbdh:InstanceIdentifier>Shipment/version2-251</sbdh:InstanceIdentifier>
					<sbdh:Identifier>EDI-Shipment</sbdh:Identifier>
				</sbdh:Scope>
			</sbdh:BusinessScope>			
		</sbdh:StandardBusinessDocumentHeader>
		<extension>
			<EPCISMasterData>
				<VocabularyList>
					<Vocabulary type="urn:ot:object:actor">
						<VocabularyElementList>
							<VocabularyElement id="urn:ot:object:actor:id:Company_Orange">
								<attribute id="urn:ot:object:actor:name">Green</attribute>
								<attribute id="urn:ot:object:actor:category">Company Retail</attribute>
								<attribute id="urn:ot:object:actor:wallet">0x90398eF02389Ef85F262737b4B3aDB8eE588B43A</attribute>
							</VocabularyElement>
							<VocabularyElement id="urn:ot:object:actor:id:Company_Pink">
								<attribute id="urn:ot:object:actor:name">Pink</attribute>
								<attribute id="urn:ot:object:actor:category">Company</attribute>
								<attribute id="urn:ot:object:actor:wallet">0xFfDDAd7BD40602B78C0649032D2532dEFa23A4C0</attribute>
							</VocabularyElement>
						</VocabularyElementList>
					</Vocabulary>
					<Vocabulary type="urn:ot:object:location">
						<VocabularyElementList>
							<VocabularyElement id="urn:epc:id:sgln:Building_Orange">
								<attribute id="urn:ot:object:location:category">Building</attribute>
								<attribute id="urn:ot:object:location:description">Retail Store Orange</attribute>
								<extension>
									<attribute id="urn:ot:object:location:actorId">urn:ot:object:actor:id:Company_Orange</attribute>
								</extension>
							</VocabularyElement>
							<VocabularyElement id="urn:epc:id:sgln:Building_Pink">
								<attribute id="urn:ot:object:location:category">Building</attribute>
								<attribute id="urn:ot:object:location:description">Pink distributor warehouse</attribute>
								<children>
									<id>urn:epc:id:sgln:Building_Pink_V3</id>
									<id>urn:epc:id:sgln:Building_Pink_V4</id>
								</children>
                                <extension>
                                    <attribute id="urn:ot:object:location:actorId">urn:ot:object:actor:id:Company_Pink</attribute>
                                </extension>
							</VocabularyElement>
						</VocabularyElementList>
					</Vocabulary>

					<Vocabulary type="urn:ot:object:product">
						<VocabularyElementList>
							<VocabularyElement id="urn:ot:object:product:id:Product_1">
								<attribute id="urn:ot:object:product:category">Beverage</attribute>
								<attribute id="urn:ot:object:product:description">Wine Pallet</attribute>
							</VocabularyElement>
						</VocabularyElementList>
					</Vocabulary>

					<Vocabulary type="urn:ot:object:batch">
						<VocabularyElementList>
							<VocabularyElement id="urn:epc:id:sgtin:Batch_1_PINKSHIP1">
								<attribute id="urn:ot:object:product:batch:productId">urn:ot:object:product:id:Product_1</attribute>
								<attribute id="urn:ot:object:product:batch:productionDate">2017-31-12T00:01:54Z</attribute>
								<attribute id="urn:ot:object:product:batch:expirationDate">2020-31-12T00:01:54Z</attribute>
							</VocabularyElement>
						</VocabularyElementList>
					</Vocabulary>
				</VocabularyList>
			</EPCISMasterData>
		</extension>
	</EPCISHeader>
	<EPCISBody>
		<EventList>	
			<ObjectEvent>
				<!-- Transport Shipment-->
				<eventTime>2018-02-02T06:00:00.000-04:00</eventTime>
				<eventTimeZoneOffset>-04:00</eventTimeZoneOffset>
				<epcList>
					<epc>urn:epc:id:sgtin:Batch_1_PINKSHIP1</epc>
				</epcList>
				<action>OBSERVE</action>
				<bizStep>urn:epcglobal:cbv:bizstep:shipping</bizStep>
				<disposition>urn:epcglobal:cbv:disp:active</disposition>
				<readPoint>
					<id>urn:epc:id:sgln:Building_Pink_V4</id>
				</readPoint>
				<bizLocation>
					<id>urn:epc:id:sgln:Building_Pink</id>
				</bizLocation>
				<extension>
					<quantityList>
						<quantityElement>			 
							<epcClass>urn:epc:id:sgtin:Batch_1_PINKSHIP1</epcClass>
							<quantity>3</quantity>
							<uom>KG</uom>
						</quantityElement>
					</quantityList>
					<extension>
						<documentId>1</documentId>
						<OTEventClass>urn:ot:event:Transport</OTEventClass>
						<OTEventClass>urn:ot:event:Ownership</OTEventClass>
						<OTEventType>Sales</OTEventType>
						<sourceList>
							<source	type="urn:epcglobal:cbv:sdt:owning_party">urn:epc:id:sgln:Building_Pink</source>
						</sourceList>
						<destinationList>
							<destination type="urn:epcglobal:cbv:sdt:owning_party">urn:epc:id:sgln:Building_Orange</destination>
						</destinationList>
					</extension>
				</extension>
			</ObjectEvent>
		</EventList>
	</EPCISBody>
</epcis:EPCISDocument>