<?xml version="1.0" ?>
<epcis:EPCISDocument xmlns:epcis="urn:epcglobal:epcis:xsd:1" schemaVersion="1.2" creationDate="2021-08-04T20:49:21.683Z">
    <EPCISBody>
        <EventList>
            <ObjectEvent>
                <eventTime>2021-08-04T00:00:00.000-04:00</eventTime>
                <recordTime>2021-08-04T00:00:00.000-04:00</recordTime>
                <eventTimeZoneOffset>-04:00</eventTimeZoneOffset>
                <epcList></epcList>
                <action>OBSERVE</action>
                <bizStep>urn:epcglobal:cbv:bizstep:receiving</bizStep>
                <disposition>urn:epcglobal:cbv:disp:in_progress</disposition>
                <readPoint>
                    <id>urn:epc:id:sgln:938101.000000.001</id>
                </readPoint>
                <bizLocation>
                    <id>urn:epc:id:sgln:938101.000000.002</id>
                </bizLocation>
                <extension>
                    <quantityList>
                        <quantityElement>
                            <epcClass>urn:epc:class:lgtin:038802.1222222.001</epcClass>
                            <quantity>5.0</quantity>
                            <uom>KGM</uom>
                        </quantityElement>
                    </quantityList>
                </extension>
            </ObjectEvent>
            <ObjectEvent>
                <eventTime>2021-08-04T00:00:00.000-04:00</eventTime>
                <recordTime>2021-08-04T00:00:00.000-04:00</recordTime>
                <eventTimeZoneOffset>-04:00</eventTimeZoneOffset>
                <epcList></epcList>
                <action>OBSERVE</action>
                <bizStep>urn:epcglobal:cbv:bizstep:receiving</bizStep>
                <disposition>urn:epcglobal:cbv:disp:in_progress</disposition>
                <readPoint>
                    <id>urn:epc:id:sgln:938101.000000.001</id>
                </readPoint>
                <bizLocation>
                    <id>urn:epc:id:sgln:938101.000000.002</id>
                </bizLocation>
                <extension>
                    <quantityList>
                        <quantityElement>
                            <epcClass>urn:epc:class:lgtin:689060.5000000.001</epcClass>
                            <quantity>3.0</quantity>
                            <uom>KGM</uom>
                        </quantityElement>
                    </quantityList>
                </extension>
            </ObjectEvent>
            <ObjectEvent>
                <eventTime>2021-08-04T00:00:00.000-04:00</eventTime>
                <recordTime>2021-08-04T00:00:00.000-04:00</recordTime>
                <eventTimeZoneOffset>-04:00</eventTimeZoneOffset>
                <epcList>
                    <epc>urn:epc:id:sgtin:031860.2000000.001</epc>
                </epcList>
                <action>OBSERVE</action>
                <bizStep>urn:epcglobal:cbv:bizstep:receiving</bizStep>
                <disposition>urn:epcglobal:cbv:disp:in_progress</disposition>
                <readPoint>
                    <id>urn:epc:id:sgln:938101.000000.001</id>
                </readPoint>
                <bizLocation>
                    <id>urn:epc:id:sgln:938101.000000.002</id>
                </bizLocation>
            </ObjectEvent>
            <extension>
                <TransformationEvent>
                    <eventTime>2021-08-05T00:00:00.000-04:00</eventTime>
                    <recordTime>2021-08-05T00:00:00.000-04:00</recordTime>
                    <eventTimeZoneOffset>-04:00</eventTimeZoneOffset>
                    <inputEPCList>
                        <epc>urn:epc:id:sgtin:203186.0000000.001</epc>
                    </inputEPCList>
                    <inputQuantityList>
                        <quantityElement>
                            <epcClass>urn:epc:class:lgtin:103880.2222222.001</epcClass>
                            <quantity>5.0</quantity>
                            <uom>KGM</uom>
                        </quantityElement>
                        <quantityElement>
                            <epcClass>urn:epc:class:lgtin:568906.0000000.001</epcClass>
                            <quantity>3.0</quantity>
                            <uom>KGM</uom>
                        </quantityElement>
                    </inputQuantityList>
                    <outputQuantityList>
                        <quantityElement>
                            <epcClass>urn:epc:class:lgtin:381010.9101010.001</epcClass>
                            <quantity>3</quantity>
                        </quantityElement>
                    </outputQuantityList>
                    <bizStep>urn:epcglobal:cbv:bizstep:commissioning</bizStep>
                    <disposition>urn:epcglobal:cbv:disp:active</disposition>
                    <readPoint>
                        <id>urn:epc:id:sgln:938101.000000.002</id>
                    </readPoint>
                    <bizLocation>
                        <id>urn:epc:id:sgln:938101.000000.003</id>
                    </bizLocation>
                </TransformationEvent>
            </extension>
        </EventList>
    </EPCISBody>
</epcis:EPCISDocument>