{"attr_key_mapping":
  {
    "event_type": "isA",
    "event_time": "eventTime",
    "event_timezone_offset": "eventTimeZoneOffset",
    "epc_list": "epcList",
    "child_epc_list": "childEPCs",
    "parent_id": "parentID",
    "input_epc_list": "inputEpcList",
    "output_epc_list": "outputEpcList",
    "transformation_id": "xformID",
    "action": "action",
    "business_step": "bizStep",
    "disposition": "disposition",
    "read_point": "readPoint",
    "business_location": "bizLocation",
    "ilmd": "ilmd",
    "quantity_list": "quantityList",
    "child_quantity_list": "childQuantityList",
    "input_quantity_list": "inputQuantityList",
    "output_quantity_list": "outputQuantityList",
    "business_transaction_list": "bizTransactionList",
    "source_list": "sourceList",
    "destination_list": "destinationList",
    "extension": "extensions",
    "instance_lot_master_data": "instance_lot_master_data"
    }
}